{
  "label": "notebook_v1_defaults_uncalibrated",
  "no_experimental_calibration_applied": true,
  "parameters": {
    "critical_temperature_k": 2.168262079928517e-07,
    "deposited_energy_per_atom_per_shot_j": 4.729904543375094e-32,
    "detuning_ghz": 1.5,
    "detuning_hz": 1500000000.0,
    "energy_coefficient_j_per_k4": 0.0036584840670000826,
    "eta_coll": 1.3,
    "imaging_axis": 0,
    "initial_condensate_atoms": 25000.0,
    "initial_temperature_k": 2e-07,
    "initial_total_atoms": 116166.77870472142,
    "loss_fraction_limit": 0.3,
    "max_shots": 400,
    "photons_scattered_per_atom_per_shot": 0.009274742967987243,
    "probe_power_mw": 3.5,
    "pulse_duration_s": 3.9999999999999996e-05,
    "pulse_duration_us": 40.0,
    "reabsorption_fraction": 0.029708652968257532,
    "saturation_parameter": 0.0258768589565485
  },
  "scope_boundary": "Only single-shot quantities -> deterministic repeated-imaging sequence evolution is recovered. No noisy filmstrip is generated.",
  "sequence_summaries": {
    "heating": {
      "final_N0": 17369.583984817014,
      "final_accumulated_snr": 27.281738255565195,
      "final_loss_fraction": 0.30521664060731946,
      "final_phi_rad": 0.16311009404814675,
      "final_snr": 6.272471467228013,
      "final_temperature_k": 2.0543100787139788e-07,
      "first_shot": 0.0,
      "initial_N0": 24999.999999999978,
      "initial_phi_rad": 0.20294165287929006,
      "initial_snr": 7.755454842736431,
      "initial_temperature_k": 2e-07,
      "last_shot": 14.0,
      "sequence_length": 15
    },
    "loss": {
      "final_N0": 17412.021337141854,
      "final_accumulated_snr": 39.020132203959946,
      "final_loss_fraction": 0.3035191465143259,
      "final_phi_rad": 0.16334908360737055,
      "final_snr": 6.281434013174652,
      "final_temperature_k": NaN,
      "first_shot": 0.0,
      "initial_N0": 25000.0,
      "initial_phi_rad": 0.20294165287929014,
      "initial_snr": 7.755454842736431,
      "initial_temperature_k": NaN,
      "last_shot": 30.0,
      "sequence_length": 31
    }
  },
  "source_notebook": "1 calculations revised 2  multishot  6  extended.ipynb",
  "source_notebook_cells": {
    "run_sequence": 40,
    "sequence_evolution_plot": 42
  },
  "status": "Canonical notebook-aligned deterministic multishot-stage recovery output."
}
