{
  "canonical_gate": {
    "passed": true,
    "reference": {
      "detuning_ghz": 1.5,
      "fluence_mw_us": 90.0,
      "phase_peak_rad": 0.20294165287929014,
      "photoelectrons_per_incident_I0_pixel": 1034.318471381998,
      "snr": {
        "Faraday dark-field": 6.22710517196034,
        "Faraday dual-port": 16.06033992848492
      }
    }
  },
  "estimator": {
    "dual_port": "abs(sum(N_H-N_V))/sqrt(sum(N_H+N_V+2*sigma_r^2))",
    "name": "central 3x3 binned-camera-pixel block",
    "single_output": "abs(sum(signal_e))/sqrt(sum(total_count_e + read_variance_e2))"
  },
  "fixed_context": {
    "camera_bin_size": 15,
    "camera_model": "Thorlabs DCC3260M",
    "camera_pixel_m": 5.86e-06,
    "central_block_half_width_pixels": 1,
    "central_block_shape": [
      3,
      3
    ],
    "effective_magnification": 4.0,
    "faraday_calibration_status": "Version 1 phenomenological placeholder; absolute Faraday SNR is uncalibrated",
    "imaging_axis": 0,
    "imaging_axis_label": "x",
    "kappa_F": 1.0,
    "numerical_aperture": 0.08,
    "quantum_efficiency": 0.6,
    "quantum_efficiency_status": "experimentally plausible dissertation screening value; not measured",
    "read_noise_electrons_per_pixel_per_port": 3.0
  },
  "scan": {
    "detuning_ghz": 1.5,
    "fluence_mw_us": [
      10.0,
      11.0,
      12.0,
      13.0,
      14.0,
      15.0,
      16.0,
      17.0,
      18.0,
      19.0,
      20.0,
      21.0,
      22.0,
      23.0,
      24.0,
      25.0,
      26.0,
      27.0,
      28.0,
      29.0,
      30.0,
      31.0,
      32.0,
      33.0,
      34.0,
      35.0,
      36.0,
      37.0,
      38.0,
      39.0,
      40.0,
      41.0,
      42.0,
      43.0,
      44.0,
      45.0,
      46.0,
      47.0,
      48.0,
      49.0,
      50.0,
      51.0,
      52.0,
      53.0,
      54.0,
      55.0,
      56.0,
      57.0,
      58.0,
      59.0,
      60.0,
      61.0,
      62.0,
      63.0,
      64.0,
      65.0,
      66.0,
      67.0,
      68.0,
      69.0,
      70.0,
      71.0,
      72.0,
      73.0,
      74.0,
      75.0,
      76.0,
      77.0,
      78.0,
      79.0,
      80.0,
      81.0,
      82.0,
      83.0,
      84.0,
      85.0,
      86.0,
      87.0,
      88.0,
      89.0,
      90.0,
      91.0,
      92.0,
      93.0,
      94.0,
      95.0,
      96.0,
      97.0,
      98.0,
      99.0,
      100.0,
      101.0,
      102.0,
      103.0,
      104.0,
      105.0,
      106.0,
      107.0,
      108.0,
      109.0,
      110.0,
      111.0,
      112.0,
      113.0,
      114.0,
      115.0,
      116.0,
      117.0,
      118.0,
      119.0,
      120.0,
      121.0,
      122.0,
      123.0,
      124.0,
      125.0,
      126.0,
      127.0,
      128.0,
      129.0,
      130.0,
      131.0,
      132.0,
      133.0,
      134.0,
      135.0,
      136.0,
      137.0,
      138.0,
      139.0,
      140.0,
      141.0,
      142.0,
      143.0,
      144.0,
      145.0,
      146.0,
      147.0,
      148.0,
      149.0,
      150.0,
      151.0,
      152.0,
      153.0,
      154.0,
      155.0,
      156.0,
      157.0,
      158.0,
      159.0,
      160.0,
      161.0,
      162.0,
      163.0,
      164.0,
      165.0,
      166.0,
      167.0,
      168.0,
      169.0,
      170.0,
      171.0,
      172.0,
      173.0,
      174.0,
      175.0,
      176.0,
      177.0,
      178.0,
      179.0,
      180.0
    ],
    "snr_ranges": {
      "Faraday dark-field": {
        "max": 10.193411023184364,
        "min": 0.9229600439817834
      },
      "Faraday dual-port": {
        "max": 22.81099042104796,
        "min": 5.019430740580209
      }
    }
  },
  "scope": {
    "camera_noise": "Poisson variance plus the provisional dissertation screening value sigma_r=3 e- rms per pixel and readout",
    "multishot_evolution_included": false,
    "prediction_status": "screening calculation within the Version 1 forward model, not guaranteed experimental performance",
    "recoil_energy_dependent": false,
    "state": "same undepleted reference condensate at every fluence"
  },
  "selected_frames": {
    "fluence_mw_us": [
      30.0,
      90.0,
      150.0
    ],
    "interpretation": "fixed representative draws for camera appearance; not used to estimate SNR",
    "photoelectrons_per_incident_I0_pixel": [
      344.77282379399935,
      1034.318471381998,
      1723.8641189699968
    ],
    "rng_seed": 7,
    "snr": {
      "Faraday dark-field": [
        2.533066326515247,
        6.22710517196034,
        9.004338928789048
      ],
      "Faraday dual-port": [
        9.117046884708165,
        16.06033992848492,
        20.805460860550873
      ]
    }
  }
}
