{
  "detuning_sweep": {
    "best_index": 7,
    "best_metric_value": 26.68696221095021,
    "best_parameter_value": 3000000000.0,
    "destructiveness_metric_max": 0.022730439594201447,
    "destructiveness_metric_min": 0.0014152828730389611,
    "faraday_signal_scale_max": 0.15098160367084687,
    "faraday_signal_scale_min": 0.037759087226509475,
    "metric_key": "signal_per_scattered_photon",
    "metric_max": 26.68696221095021,
    "metric_min": 6.671778734232799,
    "num_points": 8,
    "parameter_key": "detuning_hz",
    "scattered_photons_per_atom_max": 0.022629887723368654,
    "scattered_photons_per_atom_min": 0.0014148889232142032,
    "signal_to_destruction_max": 26.679533784953822,
    "signal_to_destruction_min": 6.64226501406345
  },
  "exposure_time_sweep": {
    "best_index": 0,
    "best_metric_value": 53.37398553001242,
    "best_parameter_value": 1e-05,
    "destructiveness_metric_max": 0.014163595668396835,
    "destructiveness_metric_min": 0.0014163595668396835,
    "faraday_signal_scale_max": 0.07551269834158536,
    "faraday_signal_scale_min": 0.07551269834158536,
    "metric_key": "signal_per_scattered_photon",
    "metric_max": 53.37398553001242,
    "metric_min": 5.3373985530012416,
    "num_points": 6,
    "parameter_key": "pulse_duration_s",
    "scattered_photons_per_atom_max": 0.01414784704416054,
    "scattered_photons_per_atom_min": 0.001414784704416054,
    "signal_to_destruction_max": 53.31463853495655,
    "signal_to_destruction_min": 5.331463853495655
  },
  "intensity_sweep": {
    "best_index": 0,
    "best_metric_value": 53.37392442042322,
    "best_parameter_value": 0.5,
    "destructiveness_metric_max": 0.0169962629098977,
    "destructiveness_metric_min": 0.0014163611884770696,
    "faraday_signal_scale_max": 0.07551269834158536,
    "faraday_signal_scale_min": 0.07551269834158536,
    "metric_key": "signal_per_scattered_photon",
    "metric_max": 53.37392442042322,
    "metric_min": 4.447845707409744,
    "num_points": 7,
    "parameter_key": "probe_power_mw",
    "scattered_photons_per_atom_max": 0.016977364618513506,
    "scattered_photons_per_atom_min": 0.0014147863242503275,
    "signal_to_destruction_max": 53.31457749331564,
    "signal_to_destruction_min": 4.442900109388804
  },
  "label": "v1_representative_uncalibrated",
  "metric_key": "signal_per_scattered_photon",
  "reference_operating_point": {
    "destructiveness_metric": 0.005665438267358734,
    "estimated_per_frame_snr": 3.3770305331244104,
    "faraday_signal_rad": 0.07551269834158536,
    "faraday_signal_scale": 0.07551269834158536,
    "information_per_scattered_photon": 13.343496382503105,
    "reabsorption_fraction": 0.0011131463456692432,
    "scattered_photons_per_atom": 0.005659138817664216,
    "signal_per_scattered_photon": 13.343496382503105,
    "signal_to_destruction": 13.328659633739138
  }
}
