{
  "column_density_map_comparison": {
    "max_absolute_difference_m2": 0.0,
    "max_relative_difference": 0.0,
    "stats_cm2": {
      "centre_value": 53759624525.784676,
      "max": 53759624525.784676,
      "mean": 249992071.31668603,
      "min": 0.0,
      "peak_index": [
        512,
        512
      ],
      "shape": [
        1024,
        1024
      ],
      "sum": 262135686172965.38
    },
    "stats_m2": {
      "centre_value": 537596245257846.75,
      "max": 537596245257846.75,
      "mean": 2499920713166.86,
      "min": 0.0,
      "peak_index": [
        512,
        512
      ],
      "shape": [
        1024,
        1024
      ],
      "sum": 2.621356861729653e+18
    },
    "units": "m^-2 before plotting; plotted as cm^-2 by multiplying by 1e-4"
  },
  "grid": {
    "dgrid_m": 9.765625e-08,
    "field_of_view_m": 0.0001,
    "gax_max_m": 4.990234375e-05,
    "gax_min_m": -5e-05,
    "imaging_axis": 0,
    "ngrid": 1024,
    "transverse_plane_indices": [
      1,
      2
    ],
    "transverse_plane_labels": [
      "y",
      "z"
    ]
  },
  "profile_comparison": {
    "max_absolute_difference": 0.0,
    "max_relative_difference": 0.0,
    "shape": [
      1024,
      1024
    ],
    "stats": {
      "centre_value": 1.0,
      "max": 1.0,
      "mean": 0.004650182614217898,
      "min": 0.0,
      "peak_index": [
        512,
        512
      ],
      "shape": [
        1024,
        1024
      ],
      "sum": 4876.069884886147
    }
  },
  "scalar_comparisons": {
    "atom_number_check": {
      "absolute_difference": 0.0,
      "helper": 24999.99999999999,
      "notebook_direct": 24999.99999999999,
      "relative_difference": 0.0
    },
    "chemical_potential": {
      "absolute_difference": 0.0,
      "helper": 6.568176308944456e-31,
      "notebook_direct": 6.568176308944456e-31,
      "relative_difference": 0.0
    },
    "chemical_potential_temperature": {
      "absolute_difference": 0.0,
      "helper": 4.75731073498366e-08,
      "notebook_direct": 4.75731073498366e-08,
      "relative_difference": 0.0
    },
    "peak_density": {
      "absolute_difference": 0.0,
      "helper": 3.400213390025542e+20,
      "notebook_direct": 3.400213390025542e+20,
      "relative_difference": 0.0
    }
  },
  "source_notebook_cell": 57,
  "source_notebook_section": "18.1 STAGE 1 -- constructing the condensate",
  "status": "notebook direct formulas and current helpers match for the recovered Stage 18.1 quantities",
  "vector_comparisons": {
    "column_density_m2": {
      "helper": [
        537596245257846.75,
        1.1251121418610648e+16,
        676033046611798.5
      ],
      "max_absolute_difference": 0.0,
      "max_relative_difference": 0.0,
      "notebook_direct": [
        537596245257846.75,
        1.1251121418610648e+16,
        676033046611798.5
      ]
    },
    "radii_m": {
      "helper": [
        1.1857996475343457e-06,
        2.4817092623397375e-05,
        1.4911557799466233e-06
      ],
      "max_absolute_difference": 0.0,
      "max_relative_difference": 0.0,
      "notebook_direct": [
        1.1857996475343457e-06,
        2.4817092623397375e-05,
        1.4911557799466233e-06
      ]
    }
  }
}
