{
  "canonical_gate": {
    "passed": true,
    "reference": {
      "depletion_limited_frames": 10,
      "final_depletion_accepted_snr": {
        "Faraday dark-field": 4.382821650730958,
        "Faraday dual-port": 12.831530929110347
      },
      "framewise_snr": {
        "Faraday dark-field": [
          6.227105171960334,
          6.021663403378127,
          5.816318299215806,
          5.611451825811714,
          5.406856846495565,
          5.202064312439542,
          4.997136643037759,
          4.792178004770125,
          4.587305929839003,
          4.382821650730958
        ],
        "Faraday dual-port": [
          16.06033992848491,
          15.70889900491556,
          15.356023129843456,
          15.002274518908251,
          14.647089001661294,
          14.289378578503015,
          13.929034167625472,
          13.566003300224851,
          13.20023475681835,
          12.831530929110347
        ]
      },
      "initial_snr": {
        "Faraday dark-field": 6.227105171960334,
        "Faraday dual-port": 16.06033992848491
      },
      "n_gamma": 0.00596234542027317,
      "next_pulse_loss": 0.30829044050175103,
      "post_sequence_loss": 0.2806023117605313,
      "reabsorption_fraction": 0.029708652968257532,
      "stopping_reason": {
        "Faraday dark-field": "image quality",
        "Faraday dual-port": "depletion"
      },
      "usable_frames": {
        "Faraday dark-field": 0,
        "Faraday dual-port": 10
      }
    }
  },
  "criteria": {
    "central_block_half_width_pixels": 1,
    "maximum_post_exposure_condensate_loss": 0.3,
    "minimum_snr": 9.0,
    "stopping_rule": "strict integer; an exposure is accepted only when its pre-exposure image meets the SNR criterion and its post-exposure state remains within the condensate-loss limit"
  },
  "range_rationale": {
    "detuning": "0.75-3.0 GHz retains the reference 1.5 GHz line, covers the detuning range used for the principal screening comparison, and avoids extending the figure into a high-detuning region that would require fluences beyond the displayed experimental range.",
    "fluence": "10-180 mW us brackets the A, B and C conditions of Figure 5.1 and includes both image-quality-limited and depletion-limited operation.",
    "quality": "SNR_3x3 >= 9 is the stricter spatial-structure criterion motivated by the visible B-to-C improvement in Figure 5.1; it is a screening requirement for this task, not a universal visibility threshold."
  },
  "scan": {
    "depletion_frame_range": [
      1,
      393
    ],
    "detuning_ghz": [
      0.75,
      0.84375,
      0.9375,
      1.03125,
      1.125,
      1.21875,
      1.3125,
      1.40625,
      1.5,
      1.59375,
      1.6875,
      1.78125,
      1.875,
      1.96875,
      2.0625,
      2.15625,
      2.25,
      2.34375,
      2.4375,
      2.53125,
      2.625,
      2.71875,
      2.8125,
      2.90625,
      3.0
    ],
    "fluence_mw_us": [
      10.0,
      15.0,
      20.0,
      25.0,
      30.0,
      35.0,
      40.0,
      45.0,
      50.0,
      55.0,
      60.0,
      65.0,
      70.0,
      75.0,
      80.0,
      85.0,
      90.0,
      95.0,
      100.0,
      105.0,
      110.0,
      115.0,
      120.0,
      125.0,
      130.0,
      135.0,
      140.0,
      145.0,
      150.0,
      155.0,
      160.0,
      165.0,
      170.0,
      175.0,
      180.0
    ],
    "usable_frame_range": {
      "Faraday dark-field": [
        0,
        4
      ],
      "Faraday dual-port": [
        0,
        21
      ]
    }
  },
  "scope": {
    "detector": "provisional DCC3260M screening model with M=4, QE=0.60 and sigma_r=3 e- rms per pixel and readout",
    "disturbance": "Version 1 heating plus initial-density reabsorption with 2 E_rec per scattering cycle",
    "faraday": "absolute Faraday values use the uncalibrated illustrative setting kappa_F=1",
    "optics": "reference NA=0.080 pupil"
  },
  "selected_conditions": {
    "A": {
      "depletion_limited_frames": 32,
      "final_depletion_accepted_snr": {
        "Faraday dark-field": 1.574743599256939,
        "Faraday dual-port": 7.0028059551114294
      },
      "framewise_snr": {
        "Faraday dark-field": [
          2.533066326515244,
          2.5007104467467207,
          2.468384372307342,
          2.4361331907058026,
          2.4040309413408254,
          2.3719669316588368,
          2.3400460608941214,
          2.308249075356478,
          2.276502673955003,
          2.244994276773017,
          2.2135334244343206,
          2.1821428617378937,
          2.150890971583566,
          2.1196646542907667,
          2.0885510119898685,
          2.0575334140303583,
          2.026544318694073,
          1.995731124911297,
          1.9649653127251276,
          1.9342749656183251,
          1.9037433182246115,
          1.8732477013472255,
          1.8428966424412485,
          1.8126513206687953,
          1.7824454556008738,
          1.7524619217774073,
          1.7225241633299508,
          1.6927012989336208,
          1.6630463587332651,
          1.6334410391917895,
          1.6040395873567623,
          1.574743599256939
        ],
        "Faraday dual-port": [
          9.11704688470816,
          9.050614244383468,
          8.98413518338254,
          8.917565883076241,
          8.850856983091596,
          8.784115239972834,
          8.717269233787505,
          8.65036805149369,
          8.583456735081752,
          8.516476164661789,
          8.449420984614427,
          8.38226704381849,
          8.314866330193125,
          8.247381875290209,
          8.179691675218587,
          8.111821964776505,
          8.043867952531357,
          7.975627794128131,
          7.907281142034146,
          7.83879036588494,
          7.770045614513827,
          7.7012140803162055,
          7.632152376946132,
          7.562915570745586,
          7.493591706841402,
          7.4239465068256205,
          7.354212190879244,
          7.284301843726311,
          7.214156917381238,
          7.143926572638087,
          7.073432914108765,
          7.0028059551114294
        ]
      },
      "initial_snr": {
        "Faraday dark-field": 2.533066326515244,
        "Faraday dual-port": 9.11704688470816
      },
      "n_gamma": 0.00198744847342439,
      "next_pulse_loss": 0.3082904405017485,
      "post_sequence_loss": 0.2990682640815595,
      "reabsorption_fraction": 0.029708652968257532,
      "stopping_reason": {
        "Faraday dark-field": "image quality",
        "Faraday dual-port": "image quality"
      },
      "usable_frames": {
        "Faraday dark-field": 0,
        "Faraday dual-port": 2
      }
    },
    "B": {
      "depletion_limited_frames": 10,
      "final_depletion_accepted_snr": {
        "Faraday dark-field": 4.382821650730958,
        "Faraday dual-port": 12.831530929110347
      },
      "framewise_snr": {
        "Faraday dark-field": [
          6.227105171960334,
          6.021663403378127,
          5.816318299215806,
          5.611451825811714,
          5.406856846495565,
          5.202064312439542,
          4.997136643037759,
          4.792178004770125,
          4.587305929839003,
          4.382821650730958
        ],
        "Faraday dual-port": [
          16.06033992848491,
          15.70889900491556,
          15.356023129843456,
          15.002274518908251,
          14.647089001661294,
          14.289378578503015,
          13.929034167625472,
          13.566003300224851,
          13.20023475681835,
          12.831530929110347
        ]
      },
      "initial_snr": {
        "Faraday dark-field": 6.227105171960334,
        "Faraday dual-port": 16.06033992848491
      },
      "n_gamma": 0.00596234542027317,
      "next_pulse_loss": 0.30829044050175103,
      "post_sequence_loss": 0.2806023117605313,
      "reabsorption_fraction": 0.029708652968257532,
      "stopping_reason": {
        "Faraday dark-field": "image quality",