detuning_hz,detuning_ghz,dimensionless_detuning,mode,noise_model,observable,nmax_clean_continuous,nstop_heating_continuous,n_frames_full,accepted_frame_first,accepted_frame_last,threshold_crossing_state_included,post_sequence_depletion_fraction,next_pulse_depletion_fraction,initial_per_frame_snr,final_per_frame_snr,snr_total_full,snr_identical_frame_approx,identical_approx_overestimate_fraction,snr_total_clean_matched_roi,legacy_peak_pixel_clean_total
1500000000.0,1.5,101.69491525423727,PCI,shot_noise_only,fixed-ROI diagonal-covariance matched-filter SNR,29.581988680261396,13.757594626407487,13,0,12,False,0.2836814766231709,0.30521664060731946,37.50203901492933,28.98865716610501,120.33089647082173,135.21552460277874,0.12369747561521985,203.97106550525496,72.30014129652055
1500000000.0,1.5,101.69491525423727,PCI,shot_plus_read_noise,fixed-ROI diagonal-covariance matched-filter SNR,29.581988680261396,13.757594626407487,13,0,12,False,0.2836814766231709,0.30521664060731946,36.72096118218758,28.36567491770759,117.78942028852353,132.39930842670006,0.1240339590974284,199.72283575637525,70.5369764315994
1500000000.0,1.5,101.69491525423727,DGI,shot_noise_only,fixed-ROI diagonal-covariance matched-filter SNR,29.581988680261396,13.757594626407487,13,0,12,False,0.2836814766231709,0.30521664060731946,19.71596047514151,14.990247192982276,62.821896828356806,71.08690643814407,0.1315625606206874,107.23378171446033,36.08806707616552
1500000000.0,1.5,101.69491525423727,DGI,shot_plus_read_noise,fixed-ROI diagonal-covariance matched-filter SNR,29.581988680261396,13.757594626407487,13,0,12,False,0.2836814766231709,0.30521664060731946,7.437664319569665,4.66287059969611,21.92223446100225,26.81688007389741,0.22327311668900843,40.452955518741426,24.826391457303775
