{
  "column_density_peak_m2": 537596245257846.75,
  "detuning_hz": 1500000000.0,
  "dimensionless_detuning": {
    "absolute_difference": 0.0,
    "helper": 101.69491525423727,
    "notebook_expression": 101.69491525423727
  },
  "phase_map_comparison": {
    "max_absolute_difference": 0.0,
    "max_relative_difference": 0.0,
    "stats": {
      "centre_value": 0.20294165287929014,
      "max": 0.20294165287929014,
      "mean": 0.0009437157459199186,
      "min": 0.0,
      "peak_index": [
        512,
        512
      ],
      "shape": [
        1024,
        1024
      ],
      "sum": 989.5576819937246
    },
    "units": "radians"
  },
  "phase_peak_rad": {
    "absolute_difference": 0.0,
    "helper": 0.20294165287929014,
    "notebook_expression": 0.20294165287929014,
    "relative_difference": 0.0
  },
  "source_notebook_cells": {
    "phase_formula": 10,
    "stage_18_2_phase_map": 59,
    "step_19_1_phase_map": 67
  },
  "status": "canonical notebook scalar phase stage matches helper scalar_phase_shift for tested deterministic quantities"
}
