readout,fluence_mw_us,trial_count,successful_trials,success_fraction,median_supported_band_relative_l2_error,minimum_supported_band_relative_l2_error,maximum_supported_band_relative_l2_error,median_absolute_integrated_density_relative_error
dual_port,30.0,10,10,1.0,0.13627263061841063,0.1226747072147503,0.22485094893259944,0.05644627634330701
dual_port,90.0,10,10,1.0,0.11178315887608802,0.09097450216722235,0.12331159912707705,0.04144345212888012
dual_port,150.0,10,10,1.0,0.10059348913066468,0.08694740085292559,0.11062950852032886,0.044146589306976125
dark_field,30.0,10,10,1.0,0.32607686832682803,0.26274005091136204,0.6463995720947376,0.3193019858371665
dark_field,90.0,10,10,1.0,0.20702581450367696,0.14827858581431735,0.307321202136174,0.1835178364757457
dark_field,150.0,10,10,1.0,0.16345848396330603,0.12159913837339731,0.27211482264536385,0.1615415820313374
